ID;Genotipo;ATF;Age;dlg4.Cq1;dlg4.Cq2;dlg4.Cq3;dlg4.mean;gapdh.Cq1;gapdh.Cq2;gapdh.Cq3;gapdh.mean;dCq;ddCq;2^-ddCq
8087;Htt-;NI-Htt-;14;21;21,04;22,02;21,35333333;17,38;17,05;17,49;17,30666667;4,046666667;-0,063333333;1,044877153
C4A3;Htt-;NI-Htt-;14;21,64;21,65;21,62;21,63666667;17,82;17,52;17,46;17,6;4,036666667;-0,073333333;1,052144848
8604;Htt-;NI-Htt-;14;21,25;21,15;21,27;21,22333333;17,06;17,09;17,32;17,15666667;4,066666667;-0,043333333;1,03049202
9119;Htt-;NI-Htt-;14;21,38;21,26;21,36;21,33333333;17,23;17,23;17,37;17,27666667;4,056666667;-0,053333333;1,037659659
9423;Htt-;NI-Htt-;14;21,83;21,82;21,83;21,82666667;17,67;17,55;17,83;17,68333333;4,143333333;0,033333333;0,977159968
2078;Htt-;NI-Htt-;14;21,83;21,81;22,23;21,95666667;17,68;17,48;17,78;17,64666667;4,31;0,2;0,870550563
6914;Htt+;NI-Htt+;14;21,83;21,86;21,31;21,66666667;16,78;16,67;16,88;16,77666667;4,89;0,78;0,582366793
C2A1;Htt+;NI-Htt+;14;21,47;22,02;21,72;21,73666667;17,05;16,82;16,99;16,95333333;4,783333333;0,673333333;0,627056205
C3A4;Htt+;NI-Htt+;14;21,38;21,84;21,77;21,66333333;17,04;16,82;17,14;17;4,663333333;0,553333333;0,681443838
6747;Htt+;NI-Htt+;14;21,52;21,83;21,64;21,66333333;17,06;17,04;16,99;17,03;4,633333333;0,523333333;0,695762422
9691;NoED;PSD95-6ZF-NoED;14;21,38;21,84;21,77;21,66333333;17,04;16,82;17,14;17;4,663333333;0,553333333;0,681443838
C9A2;NoED;PSD95-6ZF-NoED;14;21,47;22,02;21,72;21,73666667;17,05;16,82;16,99;16,95333333;4,783333333;0,673333333;0,627056205
C4A1;NoED;PSD95-6ZF-NoED;14;20,39;20,74;20,46;20,53;16;16,12;16,1;16,07333333;4,456666667;0,346666667;0,786398968
7800;VP64;PSD95-6ZF-VP64;14;21,5;20,92;20,96;21,12666667;16,48;16,66;16,59;16,57666667;4,55;0,44;0,737134609
9416;VP64;PSD95-6ZF-VP64;14;21,59;21,12;22,01;21,57333333;17,18;17,5;16,88;17,18666667;4,386666667;0,276666667;0,825496117
9143;VP64;PSD95-6ZF-VP64;14;21,69;21,91;22,32;21,97333333;17,35;17,43;17,76;17,51333333;4,46;0,35;0,784584098
9548;VP64;PSD95-6ZF-VP64;14;20,93;20,75;20,65;20,77666667;15,59;15,99;16,12;15,9;4,876666667;0,766666667;0,587773953
7223;VP64;PSD95-6ZF-VP64;14;21,67;21,3;21,94;21,63666667;17,17;17,27;16,95;17,13;4,506666667;0,396666667;0,759611332
